-- PlayMate 초기 시드 데이터
-- schema.sql 실행 후, 이 파일을 SQL Editor에서 실행하세요.
-- 9장 온보딩 전략의 1차 타겟(아이스웍스 역삼점, 제니스 구로)을 기준으로 작성.

insert into sports (id, name, emoji, category, traits) values
  ('ice-hockey', '아이스하키', '🏒', '빙상', array['활동적','팀워크','승부욕']),
  ('figure-skating', '피겨스케이팅', '⛸️', '빙상', array['집중력','개인종목','표현력']);

insert into facilities (id, name, address, region_code) values
  ('11111111-1111-1111-1111-111111111111', '아이스웍스 역삼점', '서울 강남구 역삼동', 'seoul-gangnam'),
  ('22222222-2222-2222-2222-222222222222', '제니스 스포츠클럽 아이스링크', '서울 구로구', 'seoul-guro');

insert into instructors (id, name, facility_id, career_years, certification_verified, certified_by) values
  ('33333333-3333-3333-3333-333333333333', '김OO', '11111111-1111-1111-1111-111111111111', 8, true, '대한아이스하키협회 지도자 자격증'),
  ('44444444-4444-4444-4444-444444444444', '박OO', '22222222-2222-2222-2222-222222222222', 6, true, '대한아이스하키협회 지도자 자격증'),
  ('55555555-5555-5555-5555-555555555555', '이OO', '11111111-1111-1111-1111-111111111111', 5, true, '대한빙상경기연맹 지도자 자격증');

insert into teams_classes (id, name, sport_id, facility_id, instructor_id, age_min, age_max, class_type, price, price_unit) values
  ('66666666-6666-6666-6666-666666666666', '새싹 하키클럽', 'ice-hockey', '11111111-1111-1111-1111-111111111111', '33333333-3333-3333-3333-333333333333', 6, 9, 'team', 150000, '월'),
  ('77777777-7777-7777-7777-777777777777', 'U-8 하키팀', 'ice-hockey', '22222222-2222-2222-2222-222222222222', '44444444-4444-4444-4444-444444444444', 7, 9, 'team', 180000, '월'),
  ('88888888-8888-8888-8888-888888888888', '주니어 피겨 기초반', 'figure-skating', '11111111-1111-1111-1111-111111111111', '55555555-5555-5555-5555-555555555555', 5, 8, 'individual', 220000, '월');

insert into class_schedules (team_class_id, day_label, time_label, slot_capacity, slot_booked_count) values
  ('66666666-6666-6666-6666-666666666666', '월·수·금', '18:00–19:00', 8, 6),
  ('77777777-7777-7777-7777-777777777777', '화·목', '17:30–18:30', 10, 10),
  ('88888888-8888-8888-8888-888888888888', '화·목', '16:00–17:00', 6, 4);
